{"name": "Wunderland",
     "synopsis": "Christmas 1944, The Germans make one final push against the 
     attacking allied armies in the West. Lt. Robert Cappa and his platoon of
      2nd Infantry Division soldiers have been ordered to hold a vital road
       junction against the German aggressors. Cappa and his men must find 
       their faith and strength to stand against their enemy in the epic fight
        know as \"The Battle of The Bulge.",
     "year": 2018, 
     "genres": ["War"], 
     "cover": "https://yts.am/assets/images/movies/wunderland_2018/medium-cover.jpg", 
     "rating": {"likes": 1, "imdb": 5.8}, 
     "download": {"links": {"quality": "1080p.WEB", "url": "https://yts.am/torrent/download/66ABF7427359B5F3A870285C7F2168F901005126"}}, 
     "similar_movies": [],
      "screenshots": ["https://yts.am/assets/images/movies/wunderland_2018/large-screenshot1.jpg", "https://yts.am/assets/images/movies/wunderland_2018/large-screenshot2.jpg", "https://yts.am/assets/images/movies/wunderland_2018/large-screenshot3.jpg"], 
      "directors": [{"name": "Steven Luke", "photo": "", "url": "http://www.imdb.com/name/nm3531089/"}],
       "actors": [{"name": {"original": "Tom Berenger", "appeared_as": "Major McCulley"}, "photo": "https://yts.am/assets/images/actors/thumb/nm0000297.jpg", "url": "http://www.imdb.com/name/nm0000297/"}], 
    "trailer": "https://www.youtube.com/embed/YKljIXle9Rc?rel=0&wmode=transparent&border=0&autoplay=1&iv_load_policy=3"},
